{"pp_favicon":false,"pp_social_sharing":"true","pp_animation":"true","pp_enable_right_click":"","pp_enable_dragging":"","pp_ga_code":"","pp_before_head_code":"","pp_before_body_code":"","pp_topbar":"","pp_topbar_bg_color":"#ffffff","pp_topbar_opacity_color":"100","pp_topbar_border_color":"#e1e1e1","pp_topbar_font_color":"#555555","pp_topbar_phone":"+6654677444","pp_topbar_email":"email@yourdomain.com","pp_topbar_contact_url":"#","pp_topbar_social_scheme":"#555555","pp_topbar_social_link_blank":"","pp_logo":"","pp_retina_logo":"","pp_logo_transparent":"","pp_retina_logo_transparent":"","pp_logo_margin_top":"25","pp_fixed_menu":"","pp_menu_font":"","pp_menu_font_size":"12","pp_menu_font_spacing":"1","pp_menu_font_weight":"700","pp_menu_upper":"true","pp_menu_font_color":"#000000","pp_menu_hover_font_color":"#b63327","pp_menu_active_font_color":"#b63327","pp_menu_bg_color":"#ffffff","pp_menu_border_color":"#e1e1e1","pp_menu_opacity_color":"100","pp_menu_margin_top":"30","pp_submenu_font_size":"12","pp_submenu_font_weight":"700","pp_submenu_font_spacing":"0","pp_submenu_upper":"","pp_submenu_font_color":"#cccccc","pp_submenu_bg_color":"#222222","pp_submenu_border_color":"#222222","pp_submenu_hover_bg_color":"#333333","pp_submenu_hover_font_color":"#ffffff","pp_ajax_search":"true","pp_ajax_search_header":"true","pp_phone_button_header":"true","pp_phone_button_number":"1800-2345-5678","pp_page_title_font_size":"32","pp_page_title_font_spacing":"2","pp_page_title_font_weight":"700","pp_page_title_upper":"true","pp_page_title_paddingtop":"40","pp_page_title_paddingbottom":"40","pp_page_title_bgcolor":"#f3f3f3","pp_page_title_fontcolor":"#000000","pp_page_title_opacity_color":"20","pp_page_title_bg_font_size":"34","pp_page_title_trans_border":"","pp_breadcrumbs_display":"true","pp_breadcrumbs_fontcolor":"#999999","pp_sidebar0":"","pp_sidebar_title_font_size":"14","pp_sidebar_title_upper":"true","pp_sidebar_title_spacing":"0","pp_sidebar_title_weight":"700","pp_sidebar_title_font":"Raleway","pp_sidebar_font_color":"#666666","pp_sidebar_title_font_color":"#000000","pp_sidebar_link_color":"#666666","pp_sidebar_hover_link_color":"#000000","pp_footer_display_sidebar":"true","pp_footer_style":"4","pp_footer_text":"\u00a9 Copyright Altair Theme By ThemeGoods","pp_footer_social_scheme":"#000000","pp_footer_social_opacity":"40","pp_footer_social_link_blank":"","pp_footer_social_display":"true","pp_footer_totop_display":"true","pp_footer_bg_color":"#000000","pp_footer_header_color":"#ffffff","pp_footer_font_color":"#999999","pp_footer_link_color":"#aaaaaa","pp_footer_hover_link_color":"#ffffff","pp_copyright_bg_color":"#ffffff","pp_copyright_font_color":"#999999","pp_copyright_link_color":"#999999","pp_copyright_hover_color":"#000000","pp_enable_responsive":"true","pp_disable_mobile_animation":"","pp_mobile_menu_bg_color":"#333333","pp_mobile_menu_font_color":"#666666","pp_mobile_menu_hover_font_color":"#222222","pp_mobile_menu_border_color":"#d5d5d5","pp_mobile_menu_upper":"","pp_mobile_menu_bold":"","pp_mobile_logo_margin_top":"5","pp_layout":"wide","pp_boxed_bg_image":"","pp_boxed_bg_image_cover":"","pp_boxed_bg_image_repeat":"no-repeat","pp_boxed_bg_color":"#d6d6d6","pp_ggfont0":"","pp_header_font":"Raleway","pp_header_font_color":"#000000","pp_header_font_weight":"700","pp_h1_size":"30","pp_h2_size":"28","pp_h3_size":"24","pp_h4_size":"22","pp_h5_size":"18","pp_h6_size":"16","pp_body_font":"Raleway","pp_body_font_size":"13","pp_ppb_header_font_size":"30","pp_ppb_header_upper":"true","pp_ppb_header_font_spacing":"0","pp_ppb_header_font_weight":"700","pp_ppb_tagline_font_size":"12","pp_post_meta_font":"Raleway","pp_post_meta_font_size":"12","pp_post_meta_upper":"true","pp_post_meta_italic":"true","pp_post_meta_font_spacing":"2","pp_post_meta_font_weight":"700","pp_font_color":"#777777","pp_link_color":"#b63327","pp_hover_link_color":"#000000","pp_h1_font_color":"#000000","pp_hr_color":"#e1e1e1","pp_input_bg_color":"#ffffff","pp_input_font_color":"#666666","pp_input_border_color":"#000000","pp_input_focus_border_color":"#f9f9f9","pp_button_font":"Raleway","pp_button_font_color":"#ffffff","pp_button_bg_color":"#4885a2","pp_button_active_color":"#b63327","pp_pricing_header_bg_color":"#f3f3f3","pp_pricing_header_font_color":"#000000","pp_pricing_header_font":"Raleway","pp_pricing_border_color":"#e1e1e1","pp_pricing_featured_header_bg_color":"#4885a2","pp_service_icon_font_color":"#ffffff","pp_service_icon_bg_color":"#b63327","pp_service_title_upper":"","pp_accordion_header_bg_color":"#f3f3f3","pp_accordion_header_font_color":"#000000","pp_tab_active_bg_color":"#ffffff","pp_tab_active_header_color":"#000000","pp_tab_none_active_bg_color":"#f0f0f0","pp_tab_none_active_header_color":"#555555","pp_tour_search":"true","pp_tour_items_page":"9","pp_tour_title_upper":"","pp_tour_sale_bg":"#b63327","pp_tour_sale_font":"#ffffff","pp_tour_hover_bg":"#b63327","pp_tour_meta_font_color":"#b63327","pp_tour_next_prev":"true","pp_gallery_sort":"drag","pp_lightbox_enable_title":"true","pp_full_autoplay":"","pp_full_slideshow_timer":"5","pp_full_slideshow_trans":"1","pp_full_slideshow_trans_speed":"400","pp_enable_fit_image":"true","pp_full_enable_slideshow_title":"true","pp_blog_archive_layout":"blog_r","pp_blog_category_layout":"blog_r","pp_blog_tag_layout":"blog_r","pp_post_title_upper":"true","pp_post_title_font_weight":"700","pp_post_meta_font_color":"#b63327","pp_blog_feat_content":"true","pp_blog_next_prev":"","pp_blog_display_related":"true","pp_blog_display_full":"","pp_booking_email":"","pp_contact_address":"+66 7883456\r\n+66 233459876\r\n\r\n732\/21 Second Street, \r\nManchester, King Street, Kingston \r\nUnited Kingdom","pp_contact_email":"","pp_contact_form":"1","pp_contact_map_type":"MapTypeId.ROADMAP","pp_contact_map_popup":"Altair Travel Agency","pp_contact_lat":"40.724755","pp_contact_long":"-74.0107","pp_contact_map_zoom":"16","pp_contact_enable_captcha":"","pp_facebook_username":"#","pp_twitter_username":"#","pp_google_username":"#","pp_flickr_username":"#","pp_youtube_username":"#","pp_vimeo_username":"#","pp_tumblr_username":"","pp_dribbble_username":"","pp_linkedin_username":"","pp_pinterest_username":"#","pp_instagram_username":"#","pp_behance_username":"","pp_twitter_consumer_key":"","pp_twitter_consumer_secret":"","pp_twitter_consumer_token":"","pp_twitter_consumer_token_secret":"","pp_custom_css":"","pp_advance_combine_css":"","pp_advance_combine_js":"","pp_advance_clear_cache":"","pp_import_current":"","pp_export_current":"0"}